﻿<?xml version="1.0" encoding="utf-8"?>
<resources>
  <!--Get colors from: http://www.materialpalette.com/-->
  <color name="primary">#F44336</color>
  <color name="primaryDark">#D32F2F</color>
  <color name="accent">#4CAF50</color>
  <color name="lightPrimary">#FFCDD2</color>

  <!--<color name="appFolderPrimary">#607D8B</color>
  <color name="appFolderPrimaryDark">#455A64</color>

  <color name="primaryInEditing">#607D8B</color>
  <color name="primaryDarkInEditing">#455A64</color>
  <color name="lightPrimaryInEditing">#90A4AE</color>-->

  <color name="textIcon">#FFFFFF</color>
  <color name="primaryText">#212121</color>
  <color name="secondaryText">#727272</color>
  <color name="disabledText">#939393</color>
  <color name="divider">#f5f5f5</color>
  <color name="activated_color">#E8E8E8</color>

  <color name="white">#FFFFFF</color>
  <color name="grey700">#616161</color>
  <color name="grey300">#e0e0e0</color>
  <color name="grey100">#f5f5f5</color>
  <color name="grey50">#fafafa</color>
</resources>